payout_id,payout_total,Created,Description,Amount,Currency,Converted Amount,Fees,Net
po_1KB7tQCgQjBmqTNT16JwQ37K,344.48,2021-12-24 13:31:33,Order #1000016800 by 123 123,89.0,usd,89.0,2.88,86.12
po_1KB7tQCgQjBmqTNT16JwQ37K,344.48,2021-12-24 13:17:39,Order #1000016799 by 123 123,89.0,usd,89.0,2.88,86.12
po_1KB7tQCgQjBmqTNT16JwQ37K,344.48,2021-12-24 13:06:22,Order #1000016798 by 123 123,89.0,usd,89.0,2.88,86.12
po_1KB7tQCgQjBmqTNT16JwQ37K,344.48,2021-12-24 13:01:46,Order #1000016797 by 123 123,89.0,usd,89.0,2.88,86.12
po_1KAlX6CgQjBmqTNTFJyENUrN,2961.32,2021-12-23 22:54:59,Order #1000016796 by 123 123,89.0,usd,89.0,2.88,86.12
po_1KAlX6CgQjBmqTNTFJyENUrN,2961.32,2021-12-23 22:41:35,Order #1000016795 by 123 123,89.0,usd,89.0,2.88,86.12
po_1KAlX6CgQjBmqTNTFJyENUrN,2961.32,2021-12-23 22:40:07,Order #1000016794 by 123 123,89.0,usd,89.0,2.88,86.12
po_1KAlX6CgQjBmqTNTFJyENUrN,2961.32,2021-12-23 22:39:20,Order #1000016793 by 123 123,2784.0,usd,2784.0,81.04,2702.96
po_1K6mQmCgQjBmqTNTKCuVWcxO,823.63,2021-12-14 18:37:26,Order #1000016792 by qwe qwe`,99.0,usd,99.0,3.17,95.83
po_1K6mQmCgQjBmqTNTKCuVWcxO,823.63,2021-12-14 18:29:36,Order #1000016791 by qwe qwe`,99.0,usd,99.0,3.17,95.83
po_1K6mQmCgQjBmqTNTKCuVWcxO,823.63,2021-12-14 18:28:44,Order #1000016790 by qwe qwe`,99.0,usd,99.0,3.17,95.83
po_1K6mQmCgQjBmqTNTKCuVWcxO,823.63,2021-12-14 18:17:02,Order #1000016789 by qwe qwe`,99.0,usd,99.0,3.17,95.83
po_1K6mQmCgQjBmqTNTKCuVWcxO,823.63,2021-12-14 18:15:43,Order #1000016788 by qwe qwe`,99.0,usd,99.0,3.17,95.83
po_1K6mQmCgQjBmqTNTKCuVWcxO,823.63,2021-12-14 18:08:15,Order #1000016787 by qwe qwe,89.0,usd,89.0,2.88,86.12
po_1K6mQmCgQjBmqTNTKCuVWcxO,823.63,2021-12-14 18:05:16,Order #1000016786 by qwe qwe,89.0,usd,89.0,2.88,86.12
po_1K6mQmCgQjBmqTNTKCuVWcxO,823.63,2021-12-14 17:59:25,Order #1000016785 by qwe qwe,89.0,usd,89.0,2.88,86.12
po_1K6mQmCgQjBmqTNTKCuVWcxO,823.63,2021-12-14 17:21:05,Order #1000016785 by qwe qwe,89.0,usd,89.0,2.88,86.12
po_1K5grMCgQjBmqTNTEMstyDcS,775.08,2021-12-09 19:14:14,Order #1000016784 by test test,89.0,usd,89.0,2.88,86.12
po_1K5grMCgQjBmqTNTEMstyDcS,775.08,2021-12-09 19:10:37,Order #1000016783 by test test,89.0,usd,89.0,2.88,86.12
po_1K5grMCgQjBmqTNTEMstyDcS,775.08,2021-12-09 19:08:30,Order #1000016782 by test test,89.0,usd,89.0,2.88,86.12
po_1K5grMCgQjBmqTNTEMstyDcS,775.08,2021-12-09 19:07:55,Order #1000016781 by test test,89.0,usd,89.0,2.88,86.12
po_1K5grMCgQjBmqTNTEMstyDcS,775.08,2021-12-09 18:02:47,Order #1000016766 by test test,89.0,usd,89.0,2.88,86.12
po_1K5grMCgQjBmqTNTEMstyDcS,775.08,2021-12-09 15:35:12,Order #1000016743 by test test,89.0,usd,89.0,2.88,86.12
po_1K5grMCgQjBmqTNTEMstyDcS,775.08,2021-12-09 15:34:05,Order #1000016742 by test test,89.0,usd,89.0,2.88,86.12
po_1K5grMCgQjBmqTNTEMstyDcS,775.08,2021-12-09 15:33:15,Order #1000016741 by test test,89.0,usd,89.0,2.88,86.12
po_1K5grMCgQjBmqTNTEMstyDcS,775.08,2021-12-09 15:26:28,Order #1000016740 by test test,89.0,usd,89.0,2.88,86.12
po_1K24DvCgQjBmqTNThOsD4Dc3,1541.52,2021-12-01 19:11:31,Order #1000016739 by test test,89.0,usd,89.0,2.88,86.12
po_1K24DvCgQjBmqTNThOsD4Dc3,1541.52,2021-12-01 18:34:24,Order #1000016738 by Edward Warner,89.0,usd,89.0,2.88,86.12
po_1K24DvCgQjBmqTNThOsD4Dc3,1541.52,2021-12-01 18:09:42,Order #1000016736 by Edward Warner,89.0,usd,89.0,2.88,86.12
po_1K24DvCgQjBmqTNThOsD4Dc3,1541.52,2021-12-01 17:57:56,Order #1000016735 by Edward Warner,89.0,usd,89.0,2.88,86.12
po_1K24DvCgQjBmqTNThOsD4Dc3,1541.52,2021-12-01 17:55:46,Order #1000016734 by Edward Warner,89.0,usd,89.0,2.88,86.12
po_1K24DvCgQjBmqTNThOsD4Dc3,1541.52,2021-12-01 17:26:52,Order #1000016733 by Edward Warner,89.0,usd,89.0,2.88,86.12
po_1K24DvCgQjBmqTNThOsD4Dc3,1541.52,2021-12-01 17:18:58,Order #1000016732 by Edward Warner,89.0,usd,89.0,2.88,86.12
po_1K24DvCgQjBmqTNThOsD4Dc3,1541.52,2021-12-01 17:09:44,Order #1000016731 by Edward Warner,89.0,usd,89.0,2.88,86.12
po_1K24DvCgQjBmqTNThOsD4Dc3,1541.52,2021-12-01 17:05:18,Order #1000016730 by Edward Warner,89.0,usd,89.0,2.88,86.12
